{"cameraMode":{"drawMode":0,"name":"Shaded","section":"Shading Mode"},"sceneLighting":false,"audioPlay":false,"sceneViewState":{"showFog":true,"showMaterialUpdate":false,"showSkybox":false,"showFlares":true,"showImageEffects":true,"showParticleSystems":true},"in2DMode":false,"pivot":{"x":25.086566925048829,"y":2.8048505783081056,"z":16.29166603088379},"rotation":{"x":-0.3306529223918915,"y":-0.18297269940376283,"z":0.0655030831694603,"w":-0.9235317707061768},"size":22.0,"orthographic":false}